timestamp,value
1,25.619803702993305
2,445.148983407053
3,625.216587930115
4,783.662588563616
5,676.004482317593
6,807.4594556980321
7,364.041410685105
8,-82.55102599807529
9,-85.0793960993351
10,-486.524492566511
11,-178.363049274719
12,-128.452761188483
13,-53.8559523300896
14,292.995815651054
15,426.685373719744
16,603.433755500679
17,394.56154826207097
18,304.422495033143
19,-118.391112653602
20,-244.53173652566505
21,-523.325775632106
22,-569.46900450631
23,-408.302135127912
24,-198.585529801426
25,135.88431374073602
26,580.0325666680191
27,893.268675360023
28,1109.42082135612
29,887.576907632649
30,767.591841267435
31,461.58551122425695
32,149.351188299468
33,-125.321692782802
34,-162.830055277199
35,-282.350098992805
36,-98.340434749491
37,159.705358018007
38,495.184762966868
39,495.99974447534
40,708.687816852791
41,575.395198572603
42,412.7249748705841
43,100.047781210074
44,-296.79817513935103
45,-358.631628980547
46,-601.573685296019
47,-335.9358949676
48,-203.54904513732495
49,282.097170016995
50,731.815846768905
51,1061.71565784815
52,804.523896600508
53,957.991967881294
54,1023.45890207098
55,336.888913126964
56,267.109204032168
57,-126.588590978907
58,-46.9138075025323
59,-34.0647040652425
60,-46.0161701769586
61,379.749019099747
62,513.564014803873
63,613.652116353103
64,654.7987625705471
65,588.348315236672
66,325.06205624489496
67,-170.075404432565
68,-356.637266662895
69,-492.73126789282895
70,-623.999678540784
71,-257.938094770877
72,0.298448544486376
73,299.030511186747
74,679.390216158713
75,783.5250905454599
76,2306.31245190539
77,899.371460075389
78,822.8575742019749
79,510.258975168859
80,210.956686115674
81,-184.124888236703
82,-417.422701990249
83,-405.005096327222
84,5.9998267351858905
85,143.305468317803
86,422.942495319124
87,518.995882222757
88,665.715298487676
89,451.2443411930549
90,73.05192286447009
91,-113.831333891592
92,-356.760619600828
93,-584.3116417123
94,-693.754935483698
95,-495.172179448218
96,-384.88586726513097
97,336.120821336093
98,278.957285647468
99,591.792283499645
100,750.0961539224099
101,790.026177581459
102,712.9781381181231
103,425.388020266312
104,-61.08220992259729
105,-243.680719164647
106,-250.952642082461
107,-449.676301454717
108,-186.955359383082
109,163.606358931856
110,228.842719602395
111,452.140070532247
112,458.671759013348
113,392.8015137192221
114,241.636250621603
115,-128.758105044773
116,-332.588343237576
117,-1914.09662273904
118,-655.7094729750199
119,-673.033572775476
120,-373.801935561495
121,23.9434416272739
122,325.603085346679
123,626.551177433971
124,905.987327872564
125,787.423749384874
126,675.6094662165441
127,428.4473978989
128,-89.4933181283325
129,-255.648512306889
130,-306.283797546712
131,-250.258048894494
132,-70.4252354274048
133,-52.505245216065
134,260.361930594158
135,316.50244761583804
136,571.8091081658271
137,497.716760372595
138,256.509077714468
139,-105.788825443968
140,-569.221189652042
141,-447.684876594556
142,-631.232807610025
143,-592.697895390303
144,-93.4657842417004
145,200.18609921996105
146,404.203386589942
147,704.128902888979
148,850.3421765413741
149,803.7226772902201
150,665.310406780017
151,482.315690717988
152,-1078.13246813157
153,-48.25764933474829
154,-221.64266956930305
155,-242.011327532718
156,6.02076786444413
157,-20.3079396802455
158,378.957554924878
159,640.910568642107
160,698.505151853455
161,482.899138062622
162,407.035612823584
163,-56.7400865708193
164,-352.294234786085
165,-345.442617017484
166,-416.599885105194
167,-262.78116547317103
168,-85.97750988647199
169,298.401225237373
170,763.254031429626
171,1069.31664161179
172,1140.49652308247
173,889.700127460346
174,823.609868142215
175,737.190849759195
176,577.404336055631
177,235.336289458347
178,80.2203394511013
179,64.8801558832042
180,203.832095934651
181,583.118024506668
182,718.59014099787
183,887.305059087332
184,872.265257441602
185,877.1590144294439
186,364.878850319002
187,102.527242394226
188,-109.608845966721
189,-348.275085584326
190,-244.508940396399
191,-162.77649856706898
192,272.242994691964
193,502.001032516556
194,824.7974580189799
195,1240.89698376315
196,1315.7101294451
197,1189.21199709169
198,1157.74003758987
199,870.1615731394279
200,562.8407228217479
201,241.31595198275
202,242.95275094903
203,242.363066281874
204,322.520424270599
205,624.734622011993
206,849.082291439254
207,908.281298486148
208,955.912294618475
209,744.5808091285561
210,673.2348953592331
211,422.321877295654
212,330.185257779075
213,-42.075610548540205
214,-37.6290683438963
215,-90.9137981023414
216,440.684884308649
217,671.666435604301
218,948.563236131619
219,1276.92188793387
220,1386.95451699202
221,1375.08892156672
222,1393.99473012305
223,890.562611083302
224,532.401544304695
225,251.546250494137
226,223.56814561975105
227,124.408983855779
228,293.13829473891
229,671.791722725516
230,854.0595260274961
231,967.6830398277908
232,1003.29266194199
233,940.653561276325
234,599.914800134092
235,373.908999220175
236,42.1363883152295
237,-296.85192119980303
238,-169.924407356324
239,-51.4130994495794
240,117.838864068696
241,399.16163620808
242,1049.01422804739
243,1331.9101563380198
244,1448.2731511611903
245,1403.2537871802
246,1223.33097696419
247,737.159383580553
248,669.954121153306
249,111.255485425867
250,175.97138064621998
251,141.801320905457
252,400.65023513965895
253,416.744535117162
254,659.535458321148
255,720.6393668875571
256,811.251297707188
257,890.075274824944
258,509.509425931678
259,352.636379093967
260,-137.770180358874
261,-185.024240567095
262,-200.705104495665
263,-236.172893603293
264,221.496340181515
265,425.41744840045305
266,731.587460785986
267,1320.40627170077
268,1268.52197763955
269,1110.3594346377902
270,967.209628666668
271,718.171798120354
272,371.368987311708
273,111.268333942354
274,86.6922473518922
275,5.53777500068724
276,25.386459260773
277,381.064996447204
278,687.485350791277
279,764.080344215614
280,689.451022197118
281,680.849598207904
282,451.26857017560303
283,202.872651833871
284,-196.863987023697
285,-269.686520645374
286,-483.878590555831
287,-280.429683467083
288,84.99198134269551
289,430.712346588856
290,752.595485033933
291,1044.1303093566698
292,1233.95061109938
293,1129.17924566241
294,742.134666022649
295,672.69468181305
296,271.208906132631
297,193.740755452617
298,12.8788173928408
299,-28.2658434774742
300,223.1616363886
301,438.829168614976
302,443.027143591766
303,825.782897963167
304,636.3691347354061
305,755.138740881306
306,435.74010170157095
307,194.530402198969
308,12.9059998116559
309,-328.387867778497
310,-286.83704727556704
311,-136.974758981422
312,86.68267409697799
313,571.239017512062
314,891.494716209451
315,1211.5215951830698
316,1430.99786171026
317,1262.70490288624
318,1134.79530807774
319,817.5874783381099
320,504.305239090818
321,160.342463983233
322,152.622903974199
323,1.40526744799405
324,471.785987393049
325,546.900514761527
326,880.9275894152071
327,944.186099696928
328,765.519444560157
329,926.6246988075128
330,576.868647703344
331,311.512427403546
332,90.2919304624154
333,-46.462330966168
334,-59.8304586580644
335,154.090527153288
336,313.348719752967
337,636.589413522702
338,778.334492244406
339,1380.11986563594
340,1444.7352371759698
341,1597.14515706013
342,1236.13517725312
343,1109.68261835028
344,834.609464653902
345,338.184489767738
346,448.92625536138
347,487.949853176542
348,432.835113293121
349,766.026520026433
350,1092.20758494838
351,1198.02992376459
352,1409.48908584789
353,1080.44522256391
354,783.0271096087109
355,553.203317962506
356,539.965410887859
357,-19.5819834439476
358,197.075580763852
359,282.201069390145
360,443.82388319973296
361,981.839459129911
362,1281.52292961907
363,1475.4104269445002
364,1680.08349889935
365,1748.27649171773
366,1288.9723088356698
367,1150.03727227616
368,924.679746264224
369,568.204672214303
370,660.201362145787
371,680.562340104084
372,794.5749164439909
373,816.432613466255
374,1089.9330897621198
375,1390.02275501876
376,1265.12930098499
377,970.284878286368
378,975.886255647785
379,746.072227485487
380,266.801784765149
381,232.831950224325
382,152.145404555968
383,290.616398620081
384,707.485383464714
385,1111.2976131310302
386,1242.6335926919198
387,1524.60044419315
388,1709.7799548031
389,1669.35062998868
390,1504.44779445802
391,1102.06013218916
392,1051.35506272646
393,733.977108783664
394,536.958458190939
395,667.907424710159
396,734.5402445660001
397,992.163718557724
398,1293.7630379454902
399,1427.61464987838
400,1412.5290377050198
401,1175.95243458358
402,913.291034019113
403,749.744028275477
404,497.551674386553
405,195.584192579994
406,232.89012852255
407,382.500048432175
408,521.328613567261
409,942.2081913468302
410,1144.44514871997
411,1592.5849227825302
412,1568.67493584888
413,1607.60495374412
414,1477.33162202112
415,-189.756464052497
416,999.381288788568
417,639.003386297053
418,416.972862117437
419,591.947565798899
420,624.334657033176
421,942.3998090899
422,1041.79601034417
423,1134.66158046506
424,1223.15505683575
425,992.281434044299
426,866.0474843675299
427,469.135017606838
428,247.563489244694
429,6.660541619043911
430,39.276182485661
431,201.899029496238
432,500.772288010131
433,657.028517160886
434,1107.31367533975
435,1577.79772702129
436,1577.33381450366
437,1475.3181104185
438,1353.61622901331
439,802.811928690381
440,800.195661021332
441,512.701579725568
442,296.661241272114
443,442.600971656998
444,532.920481142996
445,566.6508426278971
446,917.6736416569188
447,1066.96312108859
448,1194.94906064557
449,1058.05052608024
450,736.999512808716
451,462.76555762142505
452,175.961902064964
453,-32.321618876369904
454,-142.36782775064302
455,67.35269357271889
456,416.725128613897
457,802.2845500677679
458,1000.71145200877
459,1223.9731115376198
460,1351.68213722935
461,1744.9025893812195
462,1215.52525235461
463,1058.83307294712
464,800.267663207583
465,393.426394950551
466,306.242779263294
467,440.02969449478303
468,362.513906786122
469,830.281491301188
470,936.7596862256372
471,1291.0780474884
472,1148.6954051216
473,1077.4456131659
474,1054.41265014285
475,555.067951376525
476,170.836076729568
477,110.569963766487
478,-11.8635229498152
479,246.342329533644
480,447.122636745285
481,704.189457578779
482,1389.33798522375
483,1397.14131765428
484,1532.26962776775
485,1531.4808880787698
486,1359.76328666598
487,1013.27047874381
488,807.8882017102991
489,623.509150738086
490,363.681162154438
491,510.53677063109
492,768.4102291571111
493,901.177850954809
494,984.465687276968
495,1087.60878246843
496,1468.03307505311
497,1136.6036082280802
498,874.6080153282021
499,619.562520264165
500,423.84111104920896
501,164.626604796706
502,237.11786152087
503,401.55794384893096
504,604.8592613856749
505,1092.82712786936
506,1405.7689285027302
507,1571.33683415838
508,1695.5152351612398
509,1835.35203128024
510,1667.91681869025
511,1315.75667573108
512,1000.30045320643
513,987.424595622908
514,751.369521773618
515,713.4888876216479
516,731.624880079081
517,1196.56833427987
518,1290.67664413504
519,1446.98713923521
520,1331.5038701439998
521,1356.3778072072198
522,1221.40990098161
523,949.013559677887
524,700.046347536445
525,404.26367211479896
526,315.240117931693
527,367.441204300916
528,732.905762463598
529,1374.68036639354
530,1535.07009988321
531,1753.16339267953
532,1933.8097910738
533,1847.46077350923
534,1757.0790526614098
535,1446.01492100708
536,1224.61008719125
537,858.2709276766251
538,689.9101389391091
539,746.789333425815
540,1039.1817986433198
541,1282.14412102216
542,1531.6438065298098
543,1708.74949521411
544,1520.70438785206
545,1360.19228397551
546,1329.98958329904
547,912.167153018488
548,655.714256596925
549,509.096488149797
550,419.80167276789496
551,673.096701491066
552,845.421203514951
553,1339.21882310015
554,1710.2136497122
555,2003.73536152559
556,2083.25222119154
557,1903.07123335996
558,1789.4545067538895
559,1662.00873598475
560,1082.91210503591
561,935.9332653654848
562,1097.01623441939
563,939.888692961852
564,1143.95643098056
565,1422.0085693732
566,1459.9880217989
567,1578.40461873769
568,1716.8376033564905
569,1621.1705339686498
570,1336.7683606108
571,1047.01738783769
572,1029.54633950543
573,414.1872036973661
574,504.44007377496905
575,631.3023112101561
576,916.20345884952
577,1266.96118500343
578,1541.61041057936
579,1846.4913574051104
580,2007.8967568972
581,1921.99835191308
582,1714.9043642238198
583,1519.09864039196
584,1236.5339373911302
585,998.384368517186
586,843.59711544598
587,761.3469549693781
588,1017.97294837839
589,1071.75675391395
590,1397.86033171435
591,1492.3580135134198
592,1630.58819516804
593,1398.46901169317
594,1391.4091691741198
595,713.162874701837
596,692.80159360112
597,324.956664506807
598,392.80610038735296
599,536.695307016262
600,808.0305258071851
601,1087.54851738894
602,1550.02874990132
603,1968.40612407142
604,1865.71109819865
605,1611.20495960695
606,1585.2800283143602
607,1291.0003549199198
608,1093.56021925645
609,847.267054879553
610,631.647635722431
611,674.291011926602
612,880.8854076895731
613,1121.31521963997
614,1262.01008362416
615,1424.06482540546
616,1403.9788326508
617,1540.6144372765
618,1115.46352900949
619,678.392779649364
620,649.666402022444
621,427.326880298218
622,301.508455838969
623,405.69142159013296
624,630.287880231521
625,1103.89912574511
626,1229.2565394785302
627,1830.3946314503696
628,1768.4826479755102
629,1655.75250882677
630,1590.03290859745
631,1378.84865840487
632,997.8800760650148
633,844.227821266374
634,620.1861131085241
635,737.99784809938
636,734.1887034642759
637,1146.61201971828
638,1385.94135356613
639,1494.388155161
640,1612.40352869663
641,1260.78075299687
642,1183.61215002898
643,651.376433833127
644,734.6361046822619
645,400.4062998481
646,494.386405123586
647,554.413046044702
648,789.806077088744
649,974.9794918033
650,1381.92313443167
651,1797.79777757888
652,1934.11022071273
653,1936.63789661313
654,1665.44303597455
655,1528.94051223499
656,1145.73976807505
657,896.455880538059
658,549.078264563669
659,1053.2701448916698
660,1129.49468667037
661,1208.58462891634
662,1541.86512381898
663,1651.0890786623002
664,1647.15719697519
665,1771.51675398999
666,1388.18537917597
667,1059.48363965588
668,734.272490426667
669,635.670639005345
670,682.829858436221
671,665.656916976924
672,925.746638569643
673,1528.77087988099
674,1608.2881408019698
675,2076.46228813795
676,2011.94919377488
677,2147.7400620918
678,1882.98345822096
679,1523.31236333074
680,1216.25094091573
681,1173.07179763569
682,921.228847101506
683,1103.32811626792
684,1206.3680980104
685,1465.92383725115
686,1589.71541919756
687,1737.44435832738
688,1849.63217895749
689,1836.76863963972
690,1354.98034320358
691,1518.18013192255
692,1005.5218842611802
693,782.0749400146781
694,913.7751776296448
695,1018.15057244342
696,1140.70865620342
697,1570.30599540801
698,1841.75440621328
699,2004.59960759888
700,2245.07675876954
701,2265.77399932667
702,2131.63376457864
703,1606.5650379086098
704,1598.15216383681
705,1280.9712163058
706,1227.86157975164
707,1192.40182925741
708,1447.56357451374
709,1612.48807247531
710,1873.95395578046
711,2016.89852412264
712,1987.73147575179
713,1902.79813082043
714,1691.0092960849402
715,1365.87960928175
716,1115.87383093693
717,852.773830294817
718,803.362329817271
719,1021.4427637522
720,1359.23577421611
721,1816.0282498207605
722,1946.90209688302
723,2108.57137182664
724,2428.58770223713
725,2411.35672425383
726,2209.05472198264
727,1896.4593231421104
728,1644.04977876901
729,1385.0127280902402
730,1207.43598178938
731,1127.56578706254
732,1223.91528289776
733,1467.64332247254
734,1911.60598522761
735,2048.28535219686
736,2079.4975891129
737,1950.9777735989896
738,1672.46908936071
739,1222.20150963826
740,975.518365281165
741,1002.14465106436
742,850.486309795525
743,1078.43274397739
744,1280.95100910651
745,1523.81743002301
746,1892.9891203954896
747,2064.6349099389004
748,2410.90325599812
749,2372.01805800604
750,2094.1630113487804
751,1884.8789642057504
752,1379.03373195581
753,1409.64024445208
754,1094.27273801975
755,1009.23588164557
756,1254.11298206635
757,1509.38663943574
758,1615.38482744593
759,1883.9620691409696
760,1908.4881409818304
761,1876.63794505646
762,1501.4526527826802
763,1038.32629688524
764,769.373929466821
765,613.890459649416
766,692.6715381229969
767,697.896673036174
768,1064.9220686358
769,1518.3652680301502
770,1702.35803836649
771,1992.5182627165304
772,2156.28410784849
773,2187.69016579517
774,2042.63284852288
775,1649.16208797449
776,1179.6490880269
777,1226.37236111706
778,1032.40004716088
779,970.796585500816
780,1157.46307210439
781,1262.26429867807
782,1557.75743135827
783,1862.1155107930103
784,1890.9996503211
785,1798.3641171061602
786,1539.12004294576
787,1054.91567050909
788,859.124303989836
789,669.244827467096
790,812.454132893027
791,728.3735067801849
792,1016.51320440587
793,1498.62090062471
794,1661.88174170814
795,2071.75601557114
796,2159.94753287705
797,1959.18050465288
798,2013.52910057397
799,1645.47321862776
800,1398.31237770156
801,1103.65735894329
802,945.2624856497392
803,935.112297440907
804,1267.49959857638
805,1402.04557545153
806,1680.5773384028305
807,1601.2781351146398
808,1783.77846353547
809,1583.7823350065803
810,1657.4908911684302
811,1280.60084026378
812,936.466377944236
813,626.3643939580201
814,841.4496413884771
815,724.2643059733709
816,1080.68220421082
817,1406.1305036486
818,1986.76755196038
819,2269.58740736295
820,2486.72513231637
821,2345.0826959053697
822,1983.14232340792
823,1995.50573289512
824,1514.15354606881
825,1149.20542122051
826,1236.9246711498
827,1171.0810010983198
828,1491.41622338023
829,1611.40599493836
830,1772.4567630241395
831,2036.5601235055497
832,1976.1535867216696
833,1730.2228235987802
834,1610.11936103156
835,1420.4287006313098
836,1080.2775993639698
837,1002.2930457577
838,972.443330889112
839,1061.81949561484
840,1377.98136785876
841,1654.0730960065302
842,2153.64928339155
843,2273.74191968091
844,2276.17222636752
845,2456.72025572168
846,2143.0810125173
847,1955.5979954979896
848,1703.42933138566
849,1489.93266404592
850,1219.8874701427198
851,1405.7224765054502
852,1580.93910973275
853,1940.34531998853
854,1864.8442973455
855,2225.28570240712
856,2345.59744768517
857,2108.158016158
858,1875.89631370121
859,1555.40949885729
860,1270.49267372991
861,1106.07358936065
862,1163.0171875492802
863,1140.53401893
864,1435.13071477139
865,1741.87930031759
866,2292.8140168028303
867,2476.6016112413604
868,2535.1671073257503
869,2760.02057321521
870,2465.49710320474
871,2194.01905450104
872,1918.64953411387
873,1530.72727694604
874,1419.26101060896
875,1603.87680974566
876,1804.74321945023
877,2051.21575778698
878,2319.30432192471
879,2289.336956585389
880,2210.8426275694
881,2135.27764146114
882,2042.3909433426
883,1704.05819023409
884,1545.3711029739402
885,1227.78319535144
886,970.295326182783
887,1285.10392374185
888,1502.61670498713
889,1973.10240786457
890,2148.29615391148
891,2726.1475130719
892,2751.07394760818
893,2722.25246506682
894,2530.38908946771
895,1988.01229408233
896,1915.63142574112
897,1783.88096339035
898,1384.15451598254
899,1603.57272455647
900,1575.97399749135
901,1915.25322634272
902,2216.52568756292
903,2190.78303797217
904,2404.82996379444
905,2176.1178404472
906,1909.65179770099
907,1796.07894881097
908,1212.9722019782598
909,1294.38802105402
910,1209.27865454536
911,1341.66018421739
912,1464.70390918668
913,1961.4261192835
914,2125.49317345518
915,2499.48913618001
916,2766.944999380481
917,2642.76916715667
918,2448.5820338313897
919,2105.5430179906302
920,1780.7097385306
921,1536.2216851072
922,1458.6690823002805
923,1596.93614763841
924,1663.2657659865
925,1828.38589227156
926,2083.3759527789603
927,2181.25646451129
928,2308.97263234183
929,2208.25818648393
930,1916.81207027112
931,1513.95158005481
932,1373.82086263318
933,1129.70188730031
934,1009.20353408344
935,1198.76497283458
936,1324.38742034296
937,1781.28644285487
938,2076.99022485783
939,2430.27597660703
940,2329.68050841303
941,2496.45444461884
942,2405.7787160614103
943,2141.14750299794
944,1770.32736977423
945,1537.29133473794
946,1378.98104940133
947,1346.64085222074
948,1423.7405268510902
949,1769.6719517680103
950,1866.7182270015696
951,2114.07024854204
952,2206.00882263953
953,2114.17637472195
954,1683.67032584574
955,1443.15243513693
956,29.1100060574506
957,994.352940054921
958,810.855368344856
959,1017.19366965352
960,1456.06766556287
961,1623.79715224199
962,2127.63874916294
963,2388.17851578088
964,2433.40938126954
965,2293.76126003034
966,2224.5434014954103
967,2078.6222639305897
968,1754.09630415016
969,1476.1823706012
970,1282.54141339893
971,1312.31834065388
972,1365.83793461718
973,1859.57354846493
974,1993.5076319004104
975,2031.1195628811304
976,2049.31032353462
977,2107.2301002467702
978,1805.1205921591504
979,1503.5824152361
980,1283.42897427834
981,989.6718682625368
982,1060.4503049416198
983,1057.98605623267
984,1398.41725551219
985,1892.35659976385
986,2122.65052130369
987,2359.7887820143696
988,2659.18685581337
989,2572.26687970762
990,2358.18113184583
991,2060.2610125516103
992,1673.5495328615802
993,1575.29354272105
994,1598.19212336083
995,1585.92710015695
996,1630.38120604278
997,1933.2345703805604
998,2105.9919928077
999,2190.89417698721
1000,2420.12713355372
1001,2237.88616006952
1002,1946.33882700672
1003,1749.14073559893
1004,1328.89913810702
1005,1388.0742194281197
1006,1326.75518086443
1007,1396.6684267133098
1008,1612.0885341314802
1009,1978.39940170862
1010,2394.56906876251
1011,2561.25185616084
1012,2862.37238580971
1013,2644.6631568172697
1014,2652.04069792549
1015,2222.1485834421
1016,2209.1794670009804
1017,1714.5369228903
1018,1671.21738674216
1019,1678.00913519703
1020,1796.35677084031
1021,1924.27118133015
1022,2550.1997615795003
1023,2509.84321746072
1024,2418.26861360512
1025,2533.4714673142003
1026,2224.14088096614
1027,1903.6895606173496
1028,1706.67427747764
1029,1514.09132080271
1030,1484.98439577836
1031,1517.7882363350598
1032,1710.56345941418
1033,2320.7862180546304
1034,2472.32331628039
1035,3018.05886170788
1036,3050.79571614526
1037,2925.17807464124
1038,2859.0069330866
1039,2452.59114878119
1040,2363.4448275203304
1041,1996.77047460925
1042,1852.60952507508
1043,1849.91484862192
1044,2048.48092397401
1045,2228.26736072212
1046,2427.93287851122
1047,2676.97576143184
1048,2726.33237122279
1049,2473.94828699929
1050,2283.42162227652
1051,2054.0650481343696
1052,1654.1924993078303
1053,1623.58560268337
1054,1421.34688229737
1055,1594.93148884405
1056,1857.5630007604504
1057,2275.28831483378
1058,2664.69993328185
1059,2857.2159744998303
1060,2886.19676322378
1061,3030.9222109618
1062,2838.34707495514
1063,2582.05071466737
1064,2340.89441167345
1065,2028.56462488185
1066,1989.3886961219
1067,1732.72989183326
1068,3508.7961904840804
1069,2302.63746181257
1070,2541.1070101401
1071,2637.4371372208
1072,2713.7492118934697
1073,2527.04353749194
1074,2183.07406538557
1075,2108.82065472243
1076,1694.0174337551505
1077,1496.9099625229198
1078,1588.43186700323
1079,1510.57131833784
1080,1821.74015741513
1081,2114.17760014955
1082,2572.3103001385502
1083,2955.1594359759697
1084,2931.58164008084
1085,2878.83130740651
1086,2893.88980036107
1087,2525.73141578508
1088,2142.9022594946696
1089,1865.1194703905
1090,1742.44943083893
1091,1769.2550068123603
1092,1963.08220935853
1093,2118.91314048511
1094,2426.99557744212
1095,2598.33422173496
1096,2498.60950590814
1097,2362.375671474
1098,2324.03760569737
1099,1780.65733465662
1100,1563.1899505397198
1101,1277.4161604992098
1102,1306.00873353767
1103,1554.6426469383898
1104,1723.67643864912
1105,2105.23101504437
1106,2460.0142156980605
1107,2633.77471367878
1108,2937.36812065273
1109,2888.9031598414003
1110,2656.07137175784
1111,2411.2596739129604
1112,2035.8917562641
1113,1838.01200052853
1114,1494.9581226054
1115,1746.35407986341
1116,1974.23980180945
1117,2172.37537119752
1118,2374.7619098882
1119,2510.60919535975
1120,2467.37657231129
1121,2402.0168207155302
1122,2022.22257957994
1123,1822.98487896113
1124,1550.91257925025
1125,1347.11638188233
1126,1083.61399440548
1127,1471.64843543763
1128,1743.1101290852405
1129,2252.60877658706
1130,2474.50824674475
1131,2535.08953530067
1132,2760.2542232096303
1133,2890.88218842528
1134,2684.2691319075698
1135,2223.00411633614
1136,2180.37998375275
1137,1890.38900603928
1138,1318.70941345164
1139,1719.35310186925
1140,1679.98797302771
1141,2104.80977859534
1142,2393.23297064113
1143,2476.0986785659
1144,2340.78164948166
1145,2467.76463106086
1146,2120.73684343321
1147,1937.13251232879
1148,1567.2559217218698
1149,1465.3686466654
1150,1404.03792893862
1151,1508.25907454566
1152,1777.85237644052
1153,2125.59975808756
1154,2668.9379806649
1155,2845.86487111724
1156,2834.48219748747
1157,2993.25052704695
1158,2673.81342431468
1159,2588.90341690383
1160,2165.09017830234
1161,1983.1703866049695
1162,1850.64638313326
1163,1745.93841379474
1164,2068.33675357597
1165,2346.45018697793
1166,2462.95716326532
1167,2602.05816361758
1168,2584.28878194156
1169,2634.39741111621
1170,2415.4512417492
1171,2117.3130037761102
1172,2030.80704237788
1173,1482.77279942005
1174,1729.81035542206
1175,1646.84374587449
1176,1949.9351926779505
1177,2246.1345625627696
1178,2768.73964254623
1179,2957.84576206294
1180,3215.38393415914
1181,3090.4029028822
1182,3014.20577213986
1183,2761.79078633634
1184,2435.16291142196
1185,2364.39857369829
1186,2144.98398718489
1187,2070.95561572582
1188,2320.75571873051
1189,2366.32011662924
1190,2570.88834649687
1191,2839.60512876225
1192,2803.28419009346
1193,2872.81181443768
1194,2575.5265332090803
1195,2255.52128045608
1196,1817.86620738744
1197,1826.69491883439
1198,1929.12933866025
1199,1987.2487406844
1200,2245.95160003103
1201,2611.13020432763
1202,3007.7536766924395
1203,3191.83328347826
1204,3215.44886071212
1205,3359.14321201415
1206,3186.64966073908
1207,2927.3249317470195
1208,2687.26621479002
1209,2303.96041796023
1210,2212.45762104854
1211,2212.9815945039104
1212,2565.62690107694
1213,2516.36672386083
1214,2845.86960666553
1215,3094.91369922628
1216,2783.40516808895
1217,2977.97509587769
1218,2583.3541663546
1219,2396.05493340599
1220,1972.11279153702
1221,1954.9395993133
1222,1778.16110049281
1223,1966.8815271084
1224,2306.4850551381896
1225,2665.81514505442
1226,3077.16994617727
1227,3279.26592225072
1228,3322.39320313226
1229,3327.5008392918103
1230,3201.29019281208
1231,2911.0059627823
1232,2369.95695587147
1233,2547.08395755416
1234,2448.04259843096
1235,2240.28467794824
1236,2323.27419807388
1237,2578.66078651474
1238,2806.81822739474
1239,2961.61484706236
1240,3006.1539205544605
1241,2709.99483175744
1242,2594.77036808142
1243,2476.6697041255898
1244,2009.6030977305104
1245,1864.88892623228
1246,1837.35821330427
1247,1992.64649857225
1248,2359.9028007027105
1249,2505.91361004002
1250,2973.1500350566903
1251,3166.0016020411304
1252,3317.75142731596
1253,3189.6734901962604
1254,3016.904579804569
1255,2762.67550541097
1256,2592.87069280112
1257,2290.75487959779
1258,2291.61317855233
1259,2095.7932966833
1260,2272.8603987964702
1261,2568.46093916463
1262,2657.34015918198
1263,2925.9470048223
1264,2953.4955558429
1265,2736.14968321184
1266,2408.1118810501503
1267,2207.97790680119
1268,1940.19576124149
1269,1681.4936739015302
1270,1538.08656313586
1271,1910.94187305958
1272,2166.11353178371
1273,2266.98017437956
1274,2742.04840034019
1275,3038.5800212899703
1276,3109.84667716424
1277,3120.26192962264
1278,3107.16772672304
1279,2751.34646892928
1280,2619.6981885517102
1281,2304.5805598248103
1282,1877.78123766824
1283,2116.57957355163
1284,2149.21635405514
1285,2332.7135117584803
1286,2764.87336352377
1287,2905.2169037473805
1288,2891.68794779922
1289,2616.54397868794
1290,2553.84801663543
1291,2106.57246283105
1292,1924.64499042356
1293,1589.89957112633
1294,1696.3941478023098
1295,1940.57708616876
1296,2067.02547416095
1297,2280.91651123301
1298,2521.3983965412303
1299,3119.2930723125605
1300,3069.56062707354
1301,3062.1282926173
1302,2945.7742143936703
1303,2607.74681575013
1304,2344.9974402746
1305,2159.0812759996898
1306,2085.08089522043
1307,2146.97028080814
1308,2192.97149807523
1309,2415.0274285191604
1310,2645.83680759908
1311,2867.18911013084
1312,2769.8524936367
1313,2668.3807996055803
1314,2534.1749049361497
1315,2416.25190560225
1316,1993.54900783904
1317,1669.59871706147
1318,1621.62784521764
1319,1784.8574223192395
1320,1998.2530412454105
1321,2380.61320996024
1322,2782.29197573622
1323,2972.44926569405
1324,3276.72031678761
1325,3399.62170006411
1326,3146.6404640947603
1327,2751.09073613432
1328,2443.5756237658
1329,2213.21885778757
1330,2071.32160252802
1331,2224.29792467721
1332,2299.89212085406
1333,2428.6752262884
1334,2909.61389708454
1335,2862.5908231727303
1336,3077.6730722391
1337,2836.08428241357
1338,2632.31770113068
1339,2486.2500606978897
1340,2106.98799604546
1341,1840.4010613764603
1342,1884.17472708978
1343,1924.86096106785
1344,2539.41438480178
1345,2784.5900502418103
1346,3114.70087802208
1347,3489.76949336243
1348,3590.27594702724
1349,3434.19105136955
1350,3193.08866002052
1351,2878.1289499351897
1352,2682.25147368458
1353,2647.70012279813
1354,2426.8295020585897
1355,2427.58665159251
1356,2601.01505251584
1357,2862.72537479722
1358,3122.5338364675604
1359,1784.27968233376
1360,3191.79171248758
1361,3174.1092449563102
1362,2640.55903026504
1363,2580.1091659142103
1364,2363.7883321572604
1365,2172.74269631839
1366,1918.25564109384
1367,2242.07488401275
1368,2421.37183353348
1369,2851.73622736344
1370,3111.9995803232
1371,3518.21005190097
1372,3598.6641076261103
1373,3637.53609846984
1374,3748.50463204067
1375,3100.1382620261
1376,2755.8756622299898
1377,2641.17119288192
1378,2344.02971082729
1379,2601.5061014001603
1380,2708.27681445554
1381,3001.19478920498
1382,3190.1485099692304
1383,3209.84141588594
1384,3270.18216256406
1385,3364.73553826645
1386,2864.7461143120195
1387,2731.80206613877
1388,2480.72794376414
1389,2243.23027302867
1390,2230.26229961918
1391,2469.48274519489
1392,2675.16353674121
1393,2938.1435300134003
1394,3073.21927354221
1395,3557.54364534974
1396,3571.36916121921
1397,3635.72384686382
1398,3356.44288949265
1399,3057.58873016271
1400,2857.6554338995898
1401,2693.88212828175
1402,2559.6867483005
1403,2670.03057056649
1404,2960.03145142128
1405,3004.17834870216
1406,3223.55363016782
1407,3317.596589885089
1408,3289.87969743685
1409,3075.9846456785103
1410,3069.2209923690302
1411,2664.51769217404
1412,2466.46149226413
1413,2244.21836784372
1414,2192.70923482194
1415,2387.63723428332
1416,2555.94080181764
1417,2773.3803847782897
1418,3323.16026687787
1419,3621.0421458311
1420,3594.6233808461
1421,3735.78180048321
1422,3476.04287551721
1423,3042.6666870472304
1424,2827.14863869533
1425,2702.92119076087
1426,2383.62841525695
1427,2625.12820480894
1428,2764.5709865656604
1429,2824.78343497206
1430,2927.94628493349
1431,3314.49984898044
1432,3205.9667781392604
1433,3220.988350496
1434,2745.7792906222103
1435,2660.11864716538
1436,2115.68514486294
1437,2095.51384725971
1438,1931.7048013022304
1439,2159.59346517214
1440,2457.0931140097
1441,2769.41646040027
1442,3119.478661167489
1443,3408.0423085535303
1444,3651.06277494624
1445,3435.9491928114503
1446,3198.37419418412
1447,2736.61147636064
1448,2783.8061872025105
1449,2584.3879100737304
1450,2258.90270527172
1451,2264.72213284224
1452,2646.716501231
1453,2685.62460537344
1454,2955.73393665495
1455,3181.02376994548
1456,3113.68580975604
1457,2975.7269587368105
1458,2835.54816332724
1459,2603.92050588996
1460,2195.4198574245897
1461,2003.2170775195896
1462,1988.06931663226
1463,2168.57759645845
1464,2488.3441957371
1465,2844.8270168777003
1466,3188.74059933138
1467,3342.7853059847
1468,3455.0205128063103
1469,3677.80369077878
1470,3304.38498536515
1471,3115.10087484584
1472,2617.51585666873
1473,2476.89567745918
1474,2388.5016851877804
1475,2363.91951063948
1476,2456.7742260737
1477,2669.57283870205
1478,3222.5256949205104
1479,3316.43016333088
1480,3064.04526624452
1481,2986.25355403215
1482,2849.56242295768
1483,2536.30286697614
1484,2283.31661775314
1485,2228.37719488968
1486,2017.08139221486
1487,2097.60382322509
1488,2380.11045109722
1489,3028.3392590426
1490,3361.58214598785
1491,3395.87649400652
1492,3516.01031043106
1493,3666.63588879389
1494,3384.61329363021
1495,3037.5618912357104
1496,2894.43310303077
1497,2668.7628452427102
1498,2346.24710898577
1499,2534.67636266237
1500,2824.8187511697697
1501,3019.85694002661
1502,3217.02132079674
1503,3253.38699695997
1504,3304.85600255919
1505,3366.88030553077
1506,2834.4215099919297
1507,2652.33414353872
1508,2522.21684847082
1509,2258.0164002084
1510,2309.81767086432
1511,2346.97740800844
1512,2676.5465926019
1513,3002.4520002324603
1514,3386.523353717
1515,3690.54901689813
1516,3828.47513257088
1517,3958.767088255821
1518,3665.19253726122
1519,3236.3703137940697
1520,2946.83826271965
1521,2838.59881813523
1522,2692.87435796163
1523,2791.24996597182
1524,2952.80083450487
1525,3243.18063286246
1526,3453.05548394652
1527,3281.70100070568
1528,3603.95791352564
1529,3676.36653742676
1530,3008.66289183192
1531,2834.60766511455
1532,2645.0018755316
1533,2534.1904190092
1534,2413.3950698459603
1535,2428.43985767034
1536,2875.04071581633
1537,3315.93147217175
1538,3591.72386248384
1539,3877.65842426214
1540,3981.2077303904
1541,3941.22291906264
1542,3749.62042025541
1543,3582.4064828621795
1544,3393.03360203624
1545,2937.34980269567
1546,3032.11406712617
1547,2857.9561172985805
1548,3074.2199631882104
1549,3241.38073744615
1550,3409.0686283835103
1551,3460.19821755044
1552,3685.27803085409
1553,3634.39682242901
1554,3460.94993142
1555,2898.7256380303
1556,2582.90756533068
1557,2576.8620396339497
1558,2359.92770950823
1559,2816.2468234543203
1560,2933.93802976936
1561,3225.30382588133
1562,3798.95357590465
1563,3914.97979217046
1564,3959.31186889349
1565,3969.36470445865
1566,3692.06752696573
1567,3567.249445712729
1568,3355.55374458214
1569,3019.49087005069
1570,2913.07667652974
1571,2880.7557128965004
1572,3118.6262031319
1573,3212.20785397539
1574,3418.23756251981
1575,3709.5450130517497
1576,3730.2466118791294
1577,3626.40655754654
1578,3385.3787487708696
1579,3026.14577710304
1580,2759.9722841212606
1581,2797.0029803711896
1582,2628.3948218873497
1583,2671.36527987864
1584,2755.64300683281
1585,3136.9299004315503
1586,3471.6756081253
1587,3764.19117314115
1588,4003.2504520817297
1589,3857.012206439221
1590,3838.967506038
1591,3207.21614311118
1592,3059.42483480521
1593,2996.87523466448
1594,2803.19795509467
1595,2983.71026146531
1596,2958.30789982943
1597,3333.95115714862
1598,3403.36914152919
1599,3516.9772094805603
1600,3574.38591187233
1601,3633.65218449386
1602,3358.09244380702
1603,2884.48735032416
1604,2650.3329725635604
1605,2336.48102993844
1606,2414.98845111044
1607,2554.45800363565
1608,2843.4181550156104
1609,3113.4070869275
1610,3505.94972164083
1611,3762.37427724218
1612,3875.14323916221
1613,3658.52057693985
1614,3817.696857035821
1615,3372.63522699815
1616,3061.96206099987
1617,2829.51018084745
1618,2956.93363004142
1619,2855.92736684208
1620,2819.2286187766804
1621,3083.98047685529
1622,3194.6615868448403
1623,3431.9506288207
1624,3488.5351583422303
1625,3263.59901508805
1626,3134.8478255438104
1627,2842.85055882616
1628,2652.48456247495
1629,2349.35830727564
1630,2283.265146028189
1631,2505.79842660508
1632,2708.88509634832
1633,3037.2375613450704
1634,3501.7925858682897
1635,3843.63537042549
1636,3993.1009857417
1637,3831.24136584388
1638,3756.6026277183296
1639,3297.9545721988698
1640,3017.85743257558
1641,2843.53915929174
1642,2644.0994397469
1643,2631.44340566773
1644,2884.02434060964
1645,3141.85298124606
1646,3238.96830076122
1647,3426.58591510731
1648,3633.46325515307
1649,3287.01437577557
1650,3189.41700742352
1651,2922.77499926908
1652,2653.46401638276
1653,2291.18987764545
1654,2464.70058667714
1655,2413.39459318993
1656,2864.0437088887297
1657,3237.7340833524
1658,3621.0415441000896
1659,3723.7224300704497
1660,3921.08062874368
1661,3936.28513517792
1662,3714.25295481472
1663,3478.7350353760103
1664,3185.3027176758
1665,2810.8551394461497
1666,2863.70355028378
1667,2741.0441037977203
1668,3002.88270189409
1669,3331.5920230250395
1670,3539.5444022164
1671,3625.88933957576
1672,3804.18181651245
1673,3604.40018342286
1674,3391.72658628404
1675,3165.03352874545
1676,2875.8059114985
1677,2512.1966142878896
1678,2599.55897830069
1679,2626.7338015293103
1680,2935.92116531349
